{"cameraMode":{"drawMode":0,"name":"Shaded","section":"Shading Mode"},"sceneLighting":true,"audioPlay":false,"sceneViewState":{"showFog":false,"showMaterialUpdate":false,"showSkybox":false,"showFlares":false,"showImageEffects":false,"showParticleSystems":true},"in2DMode":false,"pivot":{"x":4739.9912109375,"y":260.5406494140625,"z":-726.46337890625},"rotation":{"x":-0.08181105554103852,"y":0.9071354866027832,"z":-0.3564662039279938,"w":-0.20819242298603059},"size":1843.958251953125,"orthographic":false}