{"cameraMode":{"drawMode":0,"name":"Shaded","section":"Shading Mode"},"sceneLighting":false,"audioPlay":false,"sceneViewState":{"showFog":false,"showMaterialUpdate":false,"showSkybox":false,"showFlares":false,"showImageEffects":false,"showParticleSystems":true},"in2DMode":false,"pivot":{"x":1628.2001953125,"y":-1275.60009765625,"z":46.39990234375},"rotation":{"x":0.06607480347156525,"y":0.7733838558197022,"z":-0.6251640319824219,"w":0.08174026757478714},"size":72.44464111328125,"orthographic":false}