{"cameraMode":{"drawMode":0,"name":"Shaded","section":"Shading Mode"},"sceneLighting":false,"audioPlay":false,"sceneViewState":{"showFog":true,"showMaterialUpdate":false,"showSkybox":true,"showFlares":true,"showImageEffects":true,"showParticleSystems":true},"in2DMode":false,"pivot":{"x":916.2018432617188,"y":-889.4540405273438,"z":51.181480407714847},"rotation":{"x":0.30881422758102419,"y":-0.5709055662155151,"z":0.24472132325172425,"w":0.7202861905097961},"size":148.45477294921876,"orthographic":false}