{"cameraMode":{"drawMode":0,"name":"Shaded","section":"Shading Mode"},"sceneLighting":false,"audioPlay":false,"sceneViewState":{"showFog":true,"showMaterialUpdate":false,"showSkybox":true,"showFlares":true,"showImageEffects":true,"showParticleSystems":true},"in2DMode":false,"pivot":{"x":922.4046630859375,"y":-128.23834228515626,"z":51.18157958984375},"rotation":{"x":0.5762155055999756,"y":-0.08541974425315857,"z":0.06072790548205376,"w":0.8105500340461731},"size":156.8213653564453,"orthographic":true}