{"cameraMode":{"drawMode":0,"name":"Shaded","section":"Shading Mode"},"sceneLighting":true,"audioPlay":false,"sceneViewState":{"showFog":true,"showMaterialUpdate":false,"showSkybox":true,"showFlares":true,"showImageEffects":true,"showParticleSystems":true},"in2DMode":false,"pivot":{"x":3748.412841796875,"y":132.19940185546876,"z":251.447265625},"rotation":{"x":0.31686869263648989,"y":-0.6800535917282105,"z":0.5052567720413208,"w":0.426423579454422},"size":826.3901977539063,"orthographic":false}