{"cameraMode":{"drawMode":0,"name":"Shaded","section":"Shading Mode"},"sceneLighting":false,"audioPlay":false,"sceneViewState":{"showFog":true,"showMaterialUpdate":false,"showSkybox":true,"showFlares":true,"showImageEffects":true,"showParticleSystems":true},"in2DMode":false,"pivot":{"x":3613.938232421875,"y":62.77218246459961,"z":62.94004440307617},"rotation":{"x":0.40524858236312868,"y":-0.0684620589017868,"z":0.030453644692897798,"w":0.9111307263374329},"size":174.16802978515626,"orthographic":true}